<?xml version="1.0" encoding="UTF-8" standalone="no"?>
<project>
    	
    <configuration id="cdt.managedbuild.config.gnu.cross.exe.debug.1405559146" name="Debug">
        		
        <extension point="org.eclipse.cdt.core.LanguageSettingsProvider">
            			
            <provider copy-of="extension" id="org.eclipse.cdt.ui.UserLanguageSettingsProvider"/>
            			
            <provider-reference id="org.eclipse.cdt.core.ReferencedProjectsLanguageSettingsProvider" ref="shared-provider"/>
            			
            <provider-reference id="org.eclipse.cdt.managedbuilder.core.MBSLanguageSettingsProvider" ref="shared-provider"/>
            			
            <provider class="org.eclipse.cdt.internal.build.crossgcc.CrossGCCBuiltinSpecsDetector" console="false" env-hash="-443486014046174824" id="org.eclipse.cdt.build.crossgcc.CrossGCCBuiltinSpecsDetector" keep-relative-paths="false" name="CDT Cross GCC Built-in Compiler Settings" parameter="${COMMAND} ${FLAGS} -E -P -v -dD &quot;${INPUTS}&quot;" prefer-non-shared="true">
                				
                <language-scope id="org.eclipse.cdt.core.gcc"/>
                				
                <language-scope id="org.eclipse.cdt.core.g++"/>
                			
            </provider>
            		
        </extension>
        	
    </configuration>
    	
    <configuration id="cdt.managedbuild.config.gnu.cross.exe.release.2146168149" name="Release">
        		
        <extension point="org.eclipse.cdt.core.LanguageSettingsProvider">
            			
            <provider copy-of="extension" id="org.eclipse.cdt.ui.UserLanguageSettingsProvider"/>
            			
            <provider-reference id="org.eclipse.cdt.core.ReferencedProjectsLanguageSettingsProvider" ref="shared-provider"/>
            			
            <provider-reference id="org.eclipse.cdt.managedbuilder.core.MBSLanguageSettingsProvider" ref="shared-provider"/>
            			
            <provider class="org.eclipse.cdt.internal.build.crossgcc.CrossGCCBuiltinSpecsDetector" console="false" env-hash="-443486014046174824" id="org.eclipse.cdt.build.crossgcc.CrossGCCBuiltinSpecsDetector" keep-relative-paths="false" name="CDT Cross GCC Built-in Compiler Settings" parameter="${COMMAND} ${FLAGS} -E -P -v -dD &quot;${INPUTS}&quot;" prefer-non-shared="true">
                				
                <language-scope id="org.eclipse.cdt.core.gcc"/>
                				
                <language-scope id="org.eclipse.cdt.core.g++"/>
                			
            </provider>
            		
        </extension>
        	
    </configuration>
    
</project>
